subID,trial,targetIdx,imgPath,stair1,stair2
12,1,1,S1-15.jpg,0.634258305431455,0.534258305431454
12,2,1,S1-15.jpg,0.596357985683836,0.614759658408964
12,3,1,S1-15.jpg,0.683533972123939,0.593449978105948
12,4,1,S1-15.jpg,0.73877946127019,0.642873597668654
12,5,1,S1-15.jpg,0.77288008528532,0.628401549131294
12,6,1,S1-15.jpg,0.763340983466485,0.612942861082547
12,7,1,S1-15.jpg,0.75283082856127,0.648724197213066
12,8,1,S1-15.jpg,0.741476407585339,0.675196373384711
12,9,1,S1-15.jpg,0.729483742269877,0.666884129935509
12,10,1,S1-15.jpg,0.717153910356799,0.68695712036502
12,11,1,S1-15.jpg,0.746698856442312,0.701036299790109
12,12,1,S1-15.jpg,0.770572655503474,0.696551275786921
12,13,1,S1-15.jpg,0.762605159420089,0.691653037355898
12,14,1,S1-15.jpg,0.754224343506997,0.703170448865191
12,15,1,S1-15.jpg,0.745548153639141,0.699256175649053
12,16,1,S1-15.jpg,0.766717973344038,0.708717478445203
12,17,1,S1-15.jpg,0.783897968587532,0.705447163531993
12,18,1,S1-15.jpg,0.796630528880134,0.701934768210174
12,19,1,S1-15.jpg,0.806845257887396,0.698134046113649
12,20,1,S1-15.jpg,0.803412487829879,0.694027526750834
12,21,1,S1-15.jpg,0.811388210813044,0.703455995661692
12,22,1,S1-15.jpg,0.817535078765381,0.711004132057598
12,23,1,S1-15.jpg,0.822404752377892,0.716970799463148
12,24,1,S1-15.jpg,0.820777016127991,0.721842451033013
12,25,1,S1-15.jpg,0.824664423710349,NaN
12,26,1,S1-15.jpg,0.823248789121552,NaN
12,1,2,S2-19.jpg,0.634258305431455,0.534258305431454
12,2,2,S2-19.jpg,0.596357985683836,0.614759658408964
12,3,2,S2-19.jpg,0.683533972123939,0.659414494947073
12,4,2,S2-19.jpg,0.658036635777462,0.647122388406046
12,5,2,S2-19.jpg,0.718052528945275,0.633645121909983
12,6,2,S2-19.jpg,0.758319580461916,0.619307004405749
12,7,2,S2-19.jpg,0.746605218648166,0.653400496438042
12,8,2,S2-19.jpg,0.77493066851146,0.642404565942078
12,9,2,S2-19.jpg,0.766441566249469,0.63083170764279
12,10,2,S2-19.jpg,0.787204423091774,0.618948527644629
12,11,2,S2-19.jpg,0.780758545067179,0.607023257789344
12,12,2,S2-19.jpg,0.79601418932073,0.635516875194161
12,13,2,S2-19.jpg,0.790970094245608,0.660341500908299
12,14,2,S2-19.jpg,0.802901601257112,0.679670075215339
12,15,2,S2-19.jpg,0.811533046193032,0.672965890810556
12,16,2,S2-19.jpg,0.817942111737063,0.688539329457798
12,17,2,S2-19.jpg,0.815655886564062,0.682990348176589
12,18,2,S2-19.jpg,0.813204218723487,0.677093993875587
12,19,2,S2-19.jpg,0.818968203947828,0.67081488031145
12,20,2,S2-19.jpg,0.816839022051024,0.685493837069896
12,21,2,S2-19.jpg,0.821877075754291,0.680101428033403
12,22,2,S2-19.jpg,0.825544593092744,0.692756076063514
12,23,2,S2-19.jpg,0.824171310943968,0.688193225915096
12,24,2,S2-19.jpg,0.822727956623142,0.683340591480831
12,25,2,S2-19.jpg,NaN,0.6782742341425
12,26,2,S2-19.jpg,NaN,0.690405073952736
13,1,1,S3-12.jpg,0.634258305431455,0.534258305431454
13,2,1,S3-12.jpg,0.596357985683836,0.614759658408964
13,3,1,S3-12.jpg,0.683533972123939,0.593449978105948
13,4,1,S3-12.jpg,0.73877946127019,0.642873597668654
13,5,1,S3-12.jpg,0.77288008528532,0.628401549131294
13,6,1,S3-12.jpg,0.763340983466485,0.663048217528652
13,7,1,S3-12.jpg,0.78573367408213,0.685357632021597
13,8,1,S3-12.jpg,0.801220930858186,0.678320753160347
13,9,1,S3-12.jpg,0.796544920678638,0.670601854207706
13,10,1,S3-12.jpg,0.807925069664874,0.688885684711855
13,11,1,S3-12.jpg,0.804305007208357,0.702035955314334
13,12,1,S3-12.jpg,0.8126487095365,0.711191514520766
13,13,1,S3-12.jpg,0.80981212277608,0.708069086150421
13,14,1,S3-12.jpg,0.816671150828766,0.704625744979642
13,15,1,S3-12.jpg,0.814278798480266,0.700950345995814
13,16,1,S3-12.jpg,0.819887587321533,0.709809189012095
13,17,1,S3-12.jpg,0.817800311283726,0.716442890773961
13,18,1,S3-12.jpg,0.822600377084704,0.714096585860525
13,19,1,S3-12.jpg,0.826153001008818,0.719583251638219
13,20,1,S3-12.jpg,0.829275793171273,0.717525048185278
13,21,1,S3-12.jpg,0.828140516089015,0.7223045650242
13,22,1,S3-12.jpg,0.826949720992679,0.725851612635352
13,23,1,S3-12.jpg,0.825694803950344,0.728976599725712
13,24,1,S3-12.jpg,0.824365951076938,0.731305679162181
13,25,1,S3-12.jpg,0.822974038810419,0.733065099242902
13,1,2,S4-20.jpg,0.634258305431455,0.534258305431454
13,2,2,S4-20.jpg,0.714759658408963,0.496357985683836
13,3,2,S4-20.jpg,0.759414494947073,0.459414585222726
13,4,2,S4-20.jpg,0.747122388406046,0.541775895355015
13,5,2,S4-20.jpg,0.776849124385137,0.512791635082614
13,6,2,S4-20.jpg,0.768283047644688,0.578437233126169
13,7,2,S4-20.jpg,0.788912306353112,0.555857908096473
13,8,2,S4-20.jpg,0.802672720943418,0.53386717514943
13,9,2,S4-20.jpg,0.798346088155227,0.51338201546703
13,10,2,S4-20.jpg,0.808870893812956,0.494577409465156
13,11,2,S4-20.jpg,0.816253808754659,0.536679325054709
13,12,2,S4-20.jpg,0.813760776285603,0.58150923623817
13,13,2,S4-20.jpg,0.811094805656253,0.56459753867478
13,14,2,S4-20.jpg,0.808078259285589,0.548581429793157
13,15,2,S4-20.jpg,0.815261102682866,0.533639782654995
13,16,2,S4-20.jpg,0.812802875276553,0.567100927986568
13,17,2,S4-20.jpg,0.810179862117844,0.602718157871462
13,18,2,S4-20.jpg,0.807206049233381,0.589006274913204
13,19,2,S4-20.jpg,0.804034581654607,0.621135885230609
13,20,2,S4-20.jpg,0.800680753791337,0.608864001946854
13,21,2,S4-20.jpg,0.808687755576364,0.596839155689701
13,22,2,S4-20.jpg,0.805751680184735,0.585246782887276
13,23,2,S4-20.jpg,0.812838497289498,0.574246977340017
13,24,2,S4-20.jpg,0.81041331256988,0.598617096159708
13,25,2,S4-20.jpg,0.807721378447624,0.588116889344201
14,1,1,S3-12.jpg,0.634258305431455,0.534258305431454
14,2,1,S3-12.jpg,0.714759658408963,0.614759658408964
14,3,1,S3-12.jpg,0.693449978105948,0.659414494947073
14,4,1,S3-12.jpg,0.742873597668654,0.685664376363148
14,5,1,S3-12.jpg,0.728401549131294,0.701890827161066
14,6,1,S3-12.jpg,0.712942861082547,0.711836909020897
14,7,1,S3-12.jpg,0.697029421030675,0.718682039425786
14,8,1,S3-12.jpg,0.735166955675267,0.723605493998657
14,9,1,S3-12.jpg,0.722333624906177,0.727202563032453
14,10,1,S3-12.jpg,0.709332061652141,0.730266806380901
14,11,1,S3-12.jpg,0.696403014219175,0.732311019281866
14,12,1,S3-12.jpg,0.683738771092549,0.733974264686481
14,13,1,S3-12.jpg,0.712311945225782,0.735372760104142
14,14,1,S3-12.jpg,0.73911743022005,0.736674376828573
14,15,1,S3-12.jpg,0.762866639821034,0.737815087398043
14,16,1,S3-12.jpg,0.781440319695632,0.737376862657106
14,17,1,S3-12.jpg,0.79572723916492,0.736922403790556
14,18,1,S3-12.jpg,0.806691950216634,0.736449991459434
14,19,1,S3-12.jpg,0.814585786452308,0.737598432872743
14,20,1,S3-12.jpg,0.82022388430164,0.738627279302604
14,21,1,S3-12.jpg,0.824414936638813,0.739566412460067
14,22,1,S3-12.jpg,0.822922780877094,0.739192940150235
14,23,1,S3-12.jpg,0.821315742798914,0.738810021265981
14,24,1,S3-12.jpg,0.825152116951994,0.73972770920314
14,25,1,S3-12.jpg,0.823731911230865,0.740356798421624
14,1,2,S4-20.jpg,0.634258305431455,0.534258305431454
14,2,2,S4-20.jpg,0.714759658408963,0.496357985683836
14,3,2,S4-20.jpg,0.759414494947073,0.459414585222726
14,4,2,S4-20.jpg,0.747122388406046,0.541775895355015
14,5,2,S4-20.jpg,0.776849124385137,0.512791635082614
14,6,2,S4-20.jpg,0.768283047644688,0.578437233126169
14,7,2,S4-20.jpg,0.758893475122416,0.555857908096473
14,8,2,S4-20.jpg,0.781346702997268,0.53386717514943
14,9,2,S4-20.jpg,0.774190824024497,0.51338201546703
14,10,2,S4-20.jpg,0.766482525541616,0.5597465537778
14,11,2,S4-20.jpg,0.7581968878075,0.604687964912526
14,12,2,S4-20.jpg,0.749528838991676,0.588404321880262
14,13,2,S4-20.jpg,0.740632983167923,0.572371342041615
14,14,2,S4-20.jpg,0.761474997789628,0.608915497905299
14,15,2,S4-20.jpg,0.753782047447039,0.642230136852649
14,16,2,S4-20.jpg,0.771509739845966,0.630532870072804
14,17,2,S4-20.jpg,0.764821992403524,0.618591226277227
14,18,2,S4-20.jpg,0.757910766800964,0.646847196965979
14,19,2,S4-20.jpg,0.750775988796162,0.636597840013718
14,20,2,S4-20.jpg,0.743662139954829,0.626195029362502
14,21,2,S4-20.jpg,0.736565293177994,0.651061748768962
14,22,2,S4-20.jpg,0.72943395717276,0.642033601597087
14,23,2,S4-20.jpg,0.745955801975062,0.663002603483152
14,24,2,S4-20.jpg,0.76202006074247,0.655174430847134
14,25,2,S4-20.jpg,0.755909613956718,0.674300718890095
15,1,1,S3-12.jpg,0.634258305431455,0.534258305431454
15,2,1,S3-12.jpg,0.596357985683836,0.614759658408964
15,3,1,S3-12.jpg,0.683533972123939,0.593449978105948
15,4,1,S3-12.jpg,0.658036635777462,0.642873597668654
15,5,1,S3-12.jpg,0.718052528945275,0.673793199850503
15,6,1,S3-12.jpg,0.758319580461916,0.664614294832903
15,7,1,S3-12.jpg,0.783825567154389,0.686009482674967
15,8,1,S3-12.jpg,0.799538286895996,0.679135443912912
15,9,1,S3-12.jpg,0.794506309495379,0.695590969901548
15,10,1,S3-12.jpg,0.806090232089794,0.690355082080465
15,11,1,S3-12.jpg,0.802216651956821,0.702818514555422
15,12,1,S3-12.jpg,0.811374982550728,0.698710756424841
15,13,1,S3-12.jpg,0.808268676192317,0.694151521065574
15,14,1,S3-12.jpg,0.815696562606725,0.704641630140368
15,15,1,S3-12.jpg,0.821356298657865,0.712499340366238
15,16,1,S3-12.jpg,0.819521698011082,0.718531604774959
15,17,1,S3-12.jpg,0.823871460294259,0.723176129908076
15,18,1,S3-12.jpg,0.827229654216772,0.721595667095642
15,19,1,S3-12.jpg,0.830176656813601,0.725363860431103
15,20,1,S3-12.jpg,0.829118592503967,0.728631176818759
15,21,1,S3-12.jpg,0.827970922282224,0.727456824760854
15,22,1,S3-12.jpg,0.830634841033433,0.730277822732704
15,23,1,S3-12.jpg,0.829731943203997,0.729269805802654
15,24,1,S3-12.jpg,0.831811262443307,0.728153975918689
15,25,1,S3-12.jpg,0.83348238330524,0.730715903516424
15,1,2,S4-20.jpg,0.634258305431455,0.534258305431454
15,2,2,S4-20.jpg,0.596357985683836,0.496357985683836
15,3,2,S4-20.jpg,0.683533972123939,0.583533972123939
15,4,2,S4-20.jpg,0.658036635777462,0.63877946127019
15,5,2,S4-20.jpg,0.718052528945275,0.623059597660094
15,6,2,S4-20.jpg,0.758319580461916,0.606301661348471
15,7,2,S4-20.jpg,0.746605218648166,0.646675325153451
15,8,2,S4-20.jpg,0.77493066851146,0.634147716797933
15,9,2,S4-20.jpg,0.766441566249469,0.621078481300608
15,10,2,S4-20.jpg,0.787204423091774,0.607711094189366
15,11,2,S4-20.jpg,0.780758545067179,0.639563916484349
15,12,2,S4-20.jpg,0.79601418932073,0.665249610496759
15,13,2,S4-20.jpg,0.790970094245608,0.685278013102732
15,14,2,S4-20.jpg,0.802901601257112,0.699703224700828
15,15,2,S4-20.jpg,0.798892892265849,0.709617467510949
15,16,2,S4-20.jpg,0.794454770805629,0.716689919085278
15,17,2,S4-20.jpg,0.789720538384743,0.722077728434602
15,18,2,S4-20.jpg,0.784578772930928,0.720350211803341
15,19,2,S4-20.jpg,0.796362199093341,0.718307130852421
15,20,2,S4-20.jpg,0.806171890164665,0.716094606998405
15,21,2,S4-20.jpg,0.802819648649375,0.721425914176903
15,22,2,S4-20.jpg,0.799234350690108,0.725229731355385
15,23,2,S4-20.jpg,0.795342613355096,0.72381879798332
15,24,2,S4-20.jpg,0.791200817014842,0.722331841128954
15,25,2,S4-20.jpg,0.800870778076292,0.720732256013854
17,1,1,S1-15.jpg,0.634258305431455,0.534258305431454
17,2,1,S1-15.jpg,0.596357985683836,0.614759658408964
17,3,1,S1-15.jpg,0.559414585222726,0.593449978105948
17,4,1,S1-15.jpg,0.526342701837916,0.642873597668654
17,5,1,S1-15.jpg,0.600913614369679,0.628401549131294
17,6,1,S1-15.jpg,0.672428130036706,0.612942861082547
17,7,1,S1-15.jpg,0.727017657338152,0.597029421030675
17,8,1,S1-15.jpg,0.710086147157543,0.635166955675267
17,9,1,S1-15.jpg,0.692531664772674,0.664888806647581
17,10,1,S1-15.jpg,0.674940413409229,0.684935457010978
17,11,1,S1-15.jpg,0.714815173684847,0.678247964212434
17,12,1,S1-15.jpg,0.700018846802171,0.670916651360585
17,13,1,S1-15.jpg,0.685351153464524,0.663092706838232
17,14,1,S1-15.jpg,0.720639856061949,0.654873406632676
17,15,1,S1-15.jpg,0.750232302953314,0.64637145182055
17,16,1,S1-15.jpg,0.739735275089816,0.667018980512673
17,17,1,S1-15.jpg,0.728945218328517,0.659629726671286
17,18,1,S1-15.jpg,0.718082085127152,0.677003425656106
17,19,1,S1-15.jpg,0.743813283287521,0.691393395173283
17,20,1,S1-15.jpg,0.76532463248666,0.702256424943762
17,21,1,S1-15.jpg,0.757284590723175,0.69842508894642
17,22,1,S1-15.jpg,0.776473070916114,0.707636831414433
17,23,1,S1-15.jpg,0.769723050649374,0.71472452779429
17,24,1,S1-15.jpg,0.762698110545024,0.712313505320228
17,25,1,S1-15.jpg,0.755460926654845,0.718057468723638
17,1,2,S2-19.jpg,0.634258305431455,0.534258305431454
17,2,2,S2-19.jpg,0.596357985683836,0.614759658408964
17,3,2,S2-19.jpg,0.683533972123939,0.593449978105948
17,4,2,S2-19.jpg,0.658036635777462,0.642873597668654
17,5,2,S2-19.jpg,0.632259268930085,0.673793199850503
17,6,2,S2-19.jpg,0.607509891317635,0.693108753644977
17,7,2,S2-19.jpg,0.665608240477862,0.687127044503886
17,8,2,S2-19.jpg,0.716115055589804,0.701761084345852
17,9,2,S2-19.jpg,0.69952000732311,0.711371446116142
17,10,2,S2-19.jpg,0.738299071746704,0.71814955558237
17,11,2,S2-19.jpg,0.725223357480063,0.715788128635483
17,12,2,S2-19.jpg,0.711738351504203,0.721509804874695
17,13,2,S2-19.jpg,0.742804070443334,0.719683153746454
17,14,2,S2-19.jpg,0.731609970990761,0.724039759387101
17,15,2,S2-19.jpg,0.720173291347413,0.722513460280178
17,16,2,S2-19.jpg,0.708791286130939,0.726144250287621
17,17,2,S2-19.jpg,0.697648288920657,0.72478566158744
17,18,2,S2-19.jpg,0.686901796213187,0.72793120047335
17,19,2,S2-19.jpg,0.712299341877344,0.730628626011762
17,20,2,S2-19.jpg,0.736052190880046,0.732529539202348
17,21,2,S2-19.jpg,0.726571222764506,0.731815160736006
17,22,2,S2-19.jpg,0.749110520439235,0.73349576261233
17,23,2,S2-19.jpg,0.740630510300298,0.732852045030582
17,24,2,S2-19.jpg,0.760382666399525,0.73435764439605
17,25,2,S2-19.jpg,0.752875182304142,0.733771302047271
18,1,1,S3-12.jpg,0.634258305431455,0.534258305431454
18,2,1,S3-12.jpg,0.596357985683836,0.496357985683836
18,3,1,S3-12.jpg,0.683533972123939,0.583533972123939
18,4,1,S3-12.jpg,0.658036635777462,0.558036635777462
18,5,1,S3-12.jpg,0.718052528945275,0.618052528945275
18,6,1,S3-12.jpg,0.699989709363892,0.658319580461916
18,7,1,S3-12.jpg,0.681460653726356,0.683825567154389
18,8,1,S3-12.jpg,0.724420259421043,0.699538286895996
18,9,1,S3-12.jpg,0.756940791851996,0.710267462994042
18,10,1,S3-12.jpg,0.746032414733566,0.717500279493535
18,11,1,S3-12.jpg,0.73450073668172,0.715040592585542
18,12,1,S3-12.jpg,0.722699528560986,0.721097989049918
18,13,1,S3-12.jpg,0.750073740665908,0.719152245273597
18,14,1,S3-12.jpg,0.772717772769868,0.716930119230773
18,15,1,S3-12.jpg,0.789598509698444,0.714555188821316
18,16,1,S3-12.jpg,0.783802133470997,0.720105939867564
18,17,1,S3-12.jpg,0.797195824525844,0.724262434811944
18,18,1,S3-12.jpg,0.792497936777588,0.7275346736885
18,19,1,S3-12.jpg,0.803452880179013,0.72627902793784
18,20,1,S3-12.jpg,0.811660831654881,0.729381572230201
18,21,1,S3-12.jpg,0.808765227275102,0.731603728738351
18,22,1,S3-12.jpg,0.805556139203947,0.730821106544225
18,23,1,S3-12.jpg,0.802117255207418,0.732670985491152
18,24,1,S3-12.jpg,0.810202306676712,0.734211475048273
18,25,1,S3-12.jpg,0.816467622897341,0.735528746677789
18,1,2,S4-20.jpg,0.634258305431455,0.534258305431454
18,2,2,S4-20.jpg,0.596357985683836,0.614759658408964
18,3,2,S4-20.jpg,0.683533972123939,0.593449978105948
18,4,2,S4-20.jpg,0.73877946127019,0.642873597668654
18,5,2,S4-20.jpg,0.77288008528532,0.673793199850503
18,6,2,S4-20.jpg,0.763340983466485,0.664614294832903
18,7,2,S4-20.jpg,0.75283082856127,0.654541260911485
18,8,2,S4-20.jpg,0.741476407585339,0.643697749191778
18,9,2,S4-20.jpg,0.729483742269877,0.668932421635127
18,10,2,S4-20.jpg,0.757899724107316,0.660304042240766
18,11,2,S4-20.jpg,0.779752953195937,0.680707167194144
18,12,2,S4-20.jpg,0.795354390727647,0.695677192128613
18,13,2,S4-20.jpg,0.790234031394096,0.6906709828662
18,14,2,S4-20.jpg,0.802407767907396,0.702526953159024
18,15,2,S4-20.jpg,0.811197620264258,0.711187328572527
18,16,2,S4-20.jpg,0.808147603072089,0.717631447596243
18,17,2,S4-20.jpg,0.804794679391714,0.715334454843514
18,18,2,S4-20.jpg,0.81245910681261,0.712869903032952
18,19,2,S4-20.jpg,0.818409650731797,0.710239714484613
18,20,2,S4-20.jpg,0.816232341999779,0.716562304367067
18,21,2,S4-20.jpg,0.813910054013114,0.721660352960546
18,22,2,S4-20.jpg,0.811449448633353,0.725359182122019
18,23,2,S4-20.jpg,0.808727377271574,0.728585685993922
18,24,2,S4-20.jpg,0.815195044244712,0.727421564599551
18,25,2,S4-20.jpg,0.812888296505157,0.726197472158197
19,1,1,S1-15.jpg,0.634258305431455,0.534258305431454
19,2,1,S1-15.jpg,0.596357985683836,0.614759658408964
19,3,1,S1-15.jpg,0.683533972123939,0.659414494947073
19,4,1,S1-15.jpg,0.658036635777462,0.685664376363148
19,5,1,S1-15.jpg,0.718052528945275,0.701890827161066
19,6,1,S1-15.jpg,0.758319580461916,0.711836909020897
19,7,1,S1-15.jpg,0.746605218648166,0.708637231811685
19,8,1,S1-15.jpg,0.733971416203852,0.705012338231199
19,9,1,S1-15.jpg,0.720766438113404,0.713833614652523
19,10,1,S1-15.jpg,0.751819870281537,0.71109868348037
19,11,1,S1-15.jpg,0.775334865534491,0.717710643194609
19,12,1,S1-15.jpg,0.793040128195317,0.722738116913847
19,13,1,S1-15.jpg,0.80477233959523,0.72638485990218
19,14,1,S1-15.jpg,0.800882199591888,0.7295586179253
19,15,1,S1-15.jpg,0.810299414727228,0.728411077147036
19,16,1,S1-15.jpg,0.8171015062135,0.727206324149107
19,17,1,S1-15.jpg,0.814721325237542,0.725935296322579
19,18,1,S1-15.jpg,0.81219163081684,0.729079359445363
19,19,1,S1-15.jpg,0.809408518690412,0.731391825092392
19,20,1,S1-15.jpg,0.816081741286374,0.73059544113031
19,21,1,S1-15.jpg,0.813727918549273,0.732479242083674
19,22,1,S1-15.jpg,0.811229839129512,0.731769024215787
19,23,1,S1-15.jpg,0.808450758883058,0.733438546762557
19,24,1,S1-15.jpg,0.805430693515938,0.732797546780597
19,25,1,S1-15.jpg,0.812747279609633,0.734295913000166
19,1,2,S2-19.jpg,0.634258305431455,0.534258305431454
19,2,2,S2-19.jpg,0.596357985683836,0.614759658408964
19,3,2,S2-19.jpg,0.559414585222726,0.659414494947073
19,4,2,S2-19.jpg,0.641775895355015,0.647122388406046
19,5,2,S2-19.jpg,0.612791635082614,0.676849124385137
19,6,2,S2-19.jpg,0.585364975362347,0.668283047644688
19,7,2,S2-19.jpg,0.650024243083793,0.658893475122416
19,8,2,S2-19.jpg,0.705455453840104,0.648795737236232
19,9,2,S2-19.jpg,0.686804121129311,0.672880126123437
19,10,2,S2-19.jpg,0.730958734904701,0.690081039743454
19,11,2,S2-19.jpg,0.763149251483662,0.684260204205764
19,12,2,S2-19.jpg,0.752903412952075,0.678006980846011
19,13,2,S2-19.jpg,0.741929149614683,0.671251231792723
19,14,2,S2-19.jpg,0.730431246063219,0.664145592853676
19,15,2,S2-19.jpg,0.718699387698387,0.68052479011945
19,16,2,S2-19.jpg,0.70698394808815,0.674469636869146
19,17,2,S2-19.jpg,0.695494291609579,0.668126788593942
19,18,2,S2-19.jpg,0.684407905231098,0.683376511186284
19,19,2,S2-19.jpg,0.673997863630585,0.67792114325651
19,20,2,S2-19.jpg,0.697565060244974,0.672172464595366
19,21,2,S2-19.jpg,0.687502061304601,0.685497099275804
19,22,2,S2-19.jpg,0.677935286183578,0.680433050862108
19,23,2,S2-19.jpg,0.668898809958616,0.67521216040401
19,24,2,S2-19.jpg,0.660418971684653,0.669726446202826
19,25,2,S2-19.jpg,0.679757629778813,0.682503852761463
20,1,1,S3-12.jpg,0.634258305431455,0.534258305431454
20,2,1,S3-12.jpg,0.596357985683836,0.496357985683836
20,3,1,S3-12.jpg,0.559414585222726,0.583533972123939
20,4,1,S3-12.jpg,0.526342701837916,0.63877946127019
20,5,1,S3-12.jpg,0.600913614369679,0.67288008528532
20,6,1,S3-12.jpg,0.672428130036706,0.663340983466485
20,7,1,S3-12.jpg,0.648214320142229,0.68573367408213
20,8,1,S3-12.jpg,0.70490380931932,0.701220930858186
20,9,1,S3-12.jpg,0.686233205491648,0.696544920678638
20,10,1,S3-12.jpg,0.667448621756676,0.707925069664874
20,11,1,S3-12.jpg,0.711579384466367,0.704305007208357
20,12,1,S3-12.jpg,0.747053268603931,0.7126487095365
20,13,1,S3-12.jpg,0.774179921367164,0.718873952790375
20,14,1,S3-12.jpg,0.765755285087996,0.716637141511597
20,15,1,S3-12.jpg,0.756591114513797,0.714244628225879
20,16,1,S3-12.jpg,0.778672758771274,0.711699743973994
20,17,1,S3-12.jpg,0.794601523935438,0.717800311283726
20,18,1,S3-12.jpg,0.789443620943447,0.722600377084704
20,19,1,S3-12.jpg,0.80189166115194,0.726153001008818
20,20,1,S3-12.jpg,0.79772652712171,0.724814439424354
20,21,1,S3-12.jpg,0.793170287679141,0.727908295220275
20,22,1,S3-12.jpg,0.803730896803998,0.730585070803643
20,23,1,S3-12.jpg,0.800035064195562,0.729669457521236
20,24,1,S3-12.jpg,0.808946497830097,0.731764573774413
20,25,1,S3-12.jpg,0.815737763432985,0.733440103885917
20,1,2,S4-20.jpg,0.634258305431455,0.534258305431454
20,2,2,S4-20.jpg,0.596357985683836,0.614759658408964
20,3,2,S4-20.jpg,0.559414585222726,0.593449978105948
20,4,2,S4-20.jpg,0.526342701837916,0.642873597668654
20,5,2,S4-20.jpg,0.600913614369679,0.628401549131294
20,6,2,S4-20.jpg,0.672428130036706,0.663048217528652
20,7,2,S4-20.jpg,0.727017657338152,0.685357632021597
20,8,2,S4-20.jpg,0.764638129133347,0.700936390614277
20,9,2,S4-20.jpg,0.787184029653729,0.69622489737551
20,10,2,S4-20.jpg,0.780212892985443,0.707687885924731
20,11,2,S4-20.jpg,0.7968507119247,0.704049879566607
20,12,2,S4-20.jpg,0.79162079222917,0.712461884800484
20,13,2,S4-20.jpg,0.803969601319907,0.718725615178439
20,14,2,S4-20.jpg,0.812571767739693,0.716478806285039
20,15,2,S4-20.jpg,0.818904192344748,0.714074356284532
20,16,2,S4-20.jpg,0.823598155504043,0.711515292721442
20,17,2,S4-20.jpg,0.822007659231308,0.717652993659811
20,18,2,S4-20.jpg,0.82580577255065,0.722494414974937
20,19,2,S4-20.jpg,0.824402276951139,0.720873873104123
20,20,2,S4-20.jpg,0.827663024213665,0.719029292435028
20,21,2,S4-20.jpg,0.82641106219499,0.723333907095403
20,22,2,S4-20.jpg,0.825085440235347,0.721823911963098
20,23,2,S4-20.jpg,0.828376784306662,0.720197989242383
20,24,2,S4-20.jpg,0.830913723855094,0.72407718735869
20,25,2,S4-20.jpg,0.830079829380049,0.722659183382073
22,1,1,S1-15.jpg,0.734258305431454,0.534258305431454
22,2,1,S1-15.jpg,0.696357985683836,0.614759658408964
22,3,1,S1-15.jpg,0.659414585222726,0.593449978105948
22,4,1,S1-15.jpg,0.626342701837916,0.570795807374042
22,5,1,S1-15.jpg,0.598141720293804,0.547792345961858
22,6,1,S1-15.jpg,0.575075734346885,0.525346489275785
22,7,1,S1-15.jpg,0.556234624080384,0.578823680145834
22,8,1,S1-15.jpg,0.540961834605545,0.560150054899904
22,9,1,S1-15.jpg,0.528723168164253,0.54232874950268
22,10,1,S1-15.jpg,0.555518933645889,0.583073123895165
22,11,1,S1-15.jpg,0.59291844551455,0.620372942327348
22,12,1,S1-15.jpg,0.639408449939052,0.652224827602759
22,13,1,S1-15.jpg,0.617564549017393,0.641353038679993
22,14,1,S1-15.jpg,0.598901756619003,0.630018776260813
22,15,1,S1-15.jpg,0.640614096695943,0.65667261033732
22,16,1,S1-15.jpg,0.62170368467135,0.64719091911458
22,17,1,S1-15.jpg,0.663867290651496,0.637409042586641
22,18,1,S1-15.jpg,0.712289262772939,0.62751305097986
22,19,1,S1-15.jpg,0.691236481344207,0.650986363610403
22,20,1,S1-15.jpg,0.738869911208938,0.670824128570917
22,21,1,S1-15.jpg,0.718932561745294,0.663610407494525
22,22,1,S1-15.jpg,0.700960874511358,0.656127801658393
22,23,1,S1-15.jpg,0.685089585514529,0.648367414890802
22,24,1,S1-15.jpg,0.722706186524311,0.640561631764555
22,25,1,S1-15.jpg,NaN,0.658685383108616
22,26,1,S1-15.jpg,NaN,0.651618303126386
22,1,2,S2-19.jpg,0.734258305431454,0.534258305431454
22,2,2,S2-19.jpg,0.696357985683836,0.496357985683836
22,3,2,S2-19.jpg,0.659414585222726,0.583533972123939
22,4,2,S2-19.jpg,0.626342701837916,0.558036635777462
22,5,2,S2-19.jpg,0.598141720293804,0.532259268930085
22,6,2,S2-19.jpg,0.660024771652831,0.507509891317635
22,7,2,S2-19.jpg,0.632611914630567,0.484444408728185
22,8,2,S2-19.jpg,0.693042209237796,0.463631114801202
22,9,2,S2-19.jpg,0.667505948205325,0.444880397391551
22,10,2,S2-19.jpg,0.644895171923412,0.428055427456309
22,11,2,S2-19.jpg,0.625438298911206,0.412829093970534
22,12,2,S2-19.jpg,0.60827461472862,0.399183101236011
22,13,2,S2-19.jpg,0.593494339544524,0.430331825511336
22,14,2,S2-19.jpg,0.580584913270055,0.416887193355807
22,15,2,S2-19.jpg,0.569174279257272,0.448287908506025
22,16,2,S2-19.jpg,0.594944642453062,0.434899958839024
22,17,2,S2-19.jpg,0.623860101009608,0.464234672151352
22,18,2,S2-19.jpg,0.657901139556031,0.451011745098725
22,19,2,S2-19.jpg,0.642191601979553,0.439113860911644
22,20,2,S2-19.jpg,0.67703262022862,0.466423827945182
22,21,2,S2-19.jpg,0.661149913872471,0.454388162121676
22,22,2,S2-19.jpg,0.647404073809,0.443722724979084
22,23,2,S2-19.jpg,0.635212750403626,0.434051328353036
22,24,2,S2-19.jpg,0.624348184959785,0.425236358744646
22,25,2,S2-19.jpg,0.614802328545284,NaN
22,26,2,S2-19.jpg,0.606166472436817,NaN
23,1,1,S3-12.jpg,0.734258305431454,0.534258305431454
23,2,1,S3-12.jpg,0.814759658408963,0.614759658408964
23,3,1,S3-12.jpg,0.793449978105948,0.593449978105948
23,4,1,S3-12.jpg,0.770795807374042,0.570795807374042
23,5,1,S3-12.jpg,0.747792345961858,0.547792345961858
23,6,1,S3-12.jpg,0.725346489275785,0.525346489275785
23,7,1,S3-12.jpg,0.704120319581596,0.578823680145834
23,8,1,S3-12.jpg,0.684651605207933,0.560150054899904
23,9,1,S3-12.jpg,0.666782245908704,0.54232874950268
23,10,1,S3-12.jpg,0.650247709255119,0.583073123895165
23,11,1,S3-12.jpg,0.635341059517473,0.567220988826522
23,12,1,S3-12.jpg,0.621511010807766,0.552042331573438
23,13,1,S3-12.jpg,0.608937275768705,0.537961733220803
23,14,1,S3-12.jpg,0.637954988837115,0.570990623429691
23,15,1,S3-12.jpg,0.625777224417845,0.557642643186303
23,16,1,S3-12.jpg,0.614537670427327,0.545135946822974
23,17,1,S3-12.jpg,0.604307388551676,0.574893338800864
23,18,1,S3-12.jpg,0.594781963893136,0.562935601533861
23,19,1,S3-12.jpg,0.615951600959802,0.55171891280391
23,20,1,S3-12.jpg,0.639817660432704,0.541298664673759
23,21,1,S3-12.jpg,0.664995018287292,0.531672473156035
23,22,1,S3-12.jpg,0.654152412997057,0.522792669774895
23,23,1,S3-12.jpg,0.644247806804036,0.514581970469693
23,24,1,S3-12.jpg,0.666272609903519,NaN
23,25,1,S3-12.jpg,0.656222599152152,NaN
23,26,1,S3-12.jpg,0.647056973416006,NaN
23,27,1,S3-12.jpg,0.638646069471975,NaN
23,1,2,S4-20.jpg,0.734258305431454,0.534258305431454
23,2,2,S4-20.jpg,0.696357985683836,0.496357985683836
23,3,2,S4-20.jpg,0.659414585222726,0.583533972123939
23,4,2,S4-20.jpg,0.626342701837916,0.558036635777462
23,5,2,S4-20.jpg,0.598141720293804,0.618052528945275
23,6,2,S4-20.jpg,0.575075734346885,0.599989709363892
23,7,2,S4-20.jpg,0.556234624080384,0.642325356110764
23,8,2,S4-20.jpg,0.540961834605545,0.628924185946637
23,9,2,S4-20.jpg,0.573181246859564,0.614888746296251
23,10,2,S4-20.jpg,0.556773590910016,0.600659657712256
23,11,2,S4-20.jpg,0.542996842985435,0.586553139651746
23,12,2,S4-20.jpg,0.531666950542661,0.572804413519557
23,13,2,S4-20.jpg,0.556078295374129,0.559783892221086
23,14,2,S4-20.jpg,0.543521345494063,0.547563952865666
23,15,2,S4-20.jpg,0.533087829521484,0.576397551185092
23,16,2,S4-20.jpg,0.524197779322821,0.605704859040882
23,17,2,S4-20.jpg,0.516561995978742,0.59420325960386
23,18,2,S4-20.jpg,0.509728535896699,0.583303190753341
23,19,2,S4-20.jpg,0.524393246175195,0.608120871302842
23,20,2,S4-20.jpg,0.517150300674243,0.597727677223273
23,21,2,S4-20.jpg,0.510654289749944,0.587769835151742
23,22,2,S4-20.jpg,0.524605806402394,0.578322353162788
23,23,2,S4-20.jpg,0.541271731926708,0.569414183258105
23,24,2,S4-20.jpg,NaN,0.561115158827761
23,25,2,S4-20.jpg,NaN,0.553391978647592
23,26,2,S4-20.jpg,NaN,0.570739938368739
23,27,2,S4-20.jpg,NaN,0.563063048324037
24,1,1,S3-12.jpg,0.734258305431454,0.534258305431454
24,2,1,S3-12.jpg,0.696357985683836,0.496357985683836
24,3,1,S3-12.jpg,0.659414585222726,0.459414585222726
24,4,1,S3-12.jpg,0.626342701837916,0.426342701837916
24,5,1,S3-12.jpg,0.598141720293804,0.500913614369679
24,6,1,S3-12.jpg,0.575075734346885,0.572428130036706
24,7,1,S3-12.jpg,0.626833687620657,0.627017657338152
24,8,1,S3-12.jpg,0.691158398232617,0.610086147157543
24,9,1,S3-12.jpg,0.664745673518413,0.649785958691483
24,10,1,S3-12.jpg,0.641551903733897,0.637329532624603
24,11,1,S3-12.jpg,0.621376995173757,0.624148768437666
24,12,1,S3-12.jpg,0.604004610564683,0.610651915088242
24,13,1,S3-12.jpg,0.642007398613979,0.597123663272807
24,14,1,S3-12.jpg,0.624507485149152,0.583824039598814
24,15,1,S3-12.jpg,0.609265453506847,0.571122434714894
24,16,1,S3-12.jpg,0.595910377936583,0.600454916359222
24,17,1,S3-12.jpg,0.626998161492046,0.62871927007591
24,18,1,S3-12.jpg,0.613188553929565,0.654290009366189
24,19,1,S3-12.jpg,0.601133775462838,0.645121726914093
24,20,1,S3-12.jpg,0.59038862301427,0.6356346683458
24,21,1,S3-12.jpg,0.614605296681168,NaN
24,22,1,S3-12.jpg,0.641663311513245,NaN
24,23,1,S3-12.jpg,0.674047524102949,NaN
24,24,1,S3-12.jpg,0.659316327196027,NaN
24,25,1,S3-12.jpg,0.646404561015812,NaN
24,26,1,S3-12.jpg,0.676521107889896,NaN
24,27,1,S3-12.jpg,0.711875937925724,NaN
24,28,1,S3-12.jpg,0.696534778468644,NaN
24,29,1,S3-12.jpg,0.732492971598364,NaN
24,30,1,S3-12.jpg,0.717111049995709,NaN
24,1,2,S4-20.jpg,0.734258305431454,0.534258305431454
24,2,2,S4-20.jpg,0.696357985683836,0.496357985683836
24,3,2,S4-20.jpg,0.659414585222726,0.459414585222726
24,4,2,S4-20.jpg,0.626342701837916,0.426342701837916
24,5,2,S4-20.jpg,0.598141720293804,0.500913614369679
24,6,2,S4-20.jpg,0.660024771652831,0.471394058572849
24,7,2,S4-20.jpg,0.632611914630567,0.445018947236211
24,8,2,S4-20.jpg,0.693042209237796,0.506749833011123
24,9,2,S4-20.jpg,0.756139256642641,0.482355869262322
24,10,2,S4-20.jpg,0.732381991712644,0.460724549475606
24,11,2,S4-20.jpg,0.710199577973838,0.509829123050965
24,12,2,S4-20.jpg,0.689992633254576,0.489287178310471
24,13,2,S4-20.jpg,0.671978754880487,0.470999961192694
24,14,2,S4-20.jpg,0.656009516049847,0.454928571858015
24,15,2,S4-20.jpg,0.641633664196842,0.440689601673441
24,16,2,S4-20.jpg,0.673626433278811,0.473099575685199
24,17,2,S4-20.jpg,0.659480797416495,0.509144247357839
24,18,2,S4-20.jpg,0.64688705803059,0.493142700755758
24,19,2,S4-20.jpg,0.67628913335852,0.47892939756871
24,20,2,S4-20.jpg,0.663464195531011,0.466278978029796
24,21,2,S4-20.jpg,NaN,0.495887544836938
24,22,2,S4-20.jpg,NaN,0.482938411636351
24,23,2,S4-20.jpg,NaN,0.511420809714747
24,24,2,S4-20.jpg,NaN,0.498520013585981
24,25,2,S4-20.jpg,NaN,0.486953676932198
24,26,2,S4-20.jpg,NaN,0.476537283723984
24,27,2,S4-20.jpg,NaN,0.467138858734774
24,28,2,S4-20.jpg,NaN,0.45860951806825
24,29,2,S4-20.jpg,NaN,0.450872726566986
24,30,2,S4-20.jpg,NaN,0.443880272124135
25,1,1,S3-12.jpg,0.734258305431454,0.534258305431454
25,2,1,S3-12.jpg,0.696357985683836,0.614759658408964
25,3,1,S3-12.jpg,0.659414585222726,0.593449978105948
25,4,1,S3-12.jpg,0.626342701837916,0.570795807374042
25,5,1,S3-12.jpg,0.700913614369679,0.623680083634517
25,6,1,S3-12.jpg,0.772428130036706,0.60722570490629
25,7,1,S3-12.jpg,0.748214320142229,0.646668083388072
25,8,1,S3-12.jpg,0.80490380931932,0.674631074761901
25,9,1,S3-12.jpg,0.786233205491648,0.692570325943779
25,10,1,S3-12.jpg,0.767448621756676,0.686728429300476
25,11,1,S3-12.jpg,0.749341659723618,0.680281326128894
25,12,1,S3-12.jpg,0.791228510832154,0.695575934347963
25,13,1,S3-12.jpg,0.775373186593749,0.706885953880427
25,14,1,S3-12.jpg,0.76001388463182,0.703258797845385
25,15,1,S3-12.jpg,0.795219451230859,0.699335476081185
25,16,1,S3-12.jpg,0.829434363582785,0.694975992091873
25,17,1,S3-12.jpg,0.817180004622257,0.704918621544355
25,18,1,S3-12.jpg,0.804937127927548,0.701375693789897
25,19,1,S3-12.jpg,0.793108109340835,0.697470248907738
25,20,1,S3-12.jpg,0.781714299989985,0.706866305285273
25,21,1,S3-12.jpg,0.770901648662213,0.714118832728171
25,22,1,S3-12.jpg,0.760755671066934,0.719513466965739
25,23,1,S3-12.jpg,NaN,0.723702853849703
25,24,1,S3-12.jpg,NaN,0.722214333159373
25,25,1,S3-12.jpg,NaN,0.725743454430045
25,26,1,S3-12.jpg,NaN,0.724407770979113
25,27,1,S3-12.jpg,NaN,0.72749296256792
25,28,1,S3-12.jpg,NaN,0.726288483994243
25,1,2,S4-20.jpg,0.734258305431454,0.534258305431454
25,2,2,S4-20.jpg,0.696357985683836,0.496357985683836
25,3,2,S4-20.jpg,0.659414585222726,0.459414585222726
25,4,2,S4-20.jpg,0.626342701837916,0.426342701837916
25,5,2,S4-20.jpg,0.598141720293804,0.500913614369679
25,6,2,S4-20.jpg,0.575075734346885,0.572428130036706
25,7,2,S4-20.jpg,0.556234624080384,0.627017657338152
25,8,2,S4-20.jpg,0.597623447986384,0.610086147157543
25,9,2,S4-20.jpg,0.577415936247437,0.592531664772674
25,10,2,S4-20.jpg,0.5606156268314,0.574940413409229
25,11,2,S4-20.jpg,0.546838801286475,0.614815173684847
25,12,2,S4-20.jpg,0.57779663457996,0.600018846802171
25,13,2,S4-20.jpg,0.56270471859309,0.585351153464524
25,14,2,S4-20.jpg,0.549980655398988,0.571028936438892
25,15,2,S4-20.jpg,0.53915907176215,0.557606620985109
25,16,2,S4-20.jpg,0.529802550672214,0.544981883689615
25,17,2,S4-20.jpg,0.521824849070892,0.533365874967073
25,18,2,S4-20.jpg,0.514926144474886,0.559612788042798
25,19,2,S4-20.jpg,0.508805992341387,0.548258156979541
25,20,2,S4-20.jpg,0.503492125220198,0.574809495776269
25,21,2,S4-20.jpg,0.498715925629297,0.563837303485866
25,22,2,S4-20.jpg,0.494598362497278,0.588617075007308
25,23,2,S4-20.jpg,0.490762129970925,NaN
25,24,2,S4-20.jpg,0.487524489205792,NaN
25,25,2,S4-20.jpg,0.484565890517252,NaN
25,26,2,S4-20.jpg,0.490758185663453,NaN
25,27,2,S4-20.jpg,0.487612910191697,NaN
25,28,2,S4-20.jpg,0.484734932584583,NaN
26,1,1,S1-15.jpg,0.734258305431454,0.534258305431454
26,2,1,S1-15.jpg,0.696357985683836,0.496357985683836
26,3,1,S1-15.jpg,0.659414585222726,0.583533972123939
26,4,1,S1-15.jpg,0.626342701837916,0.558036635777462
26,5,1,S1-15.jpg,0.700913614369679,0.618052528945275
26,6,1,S1-15.jpg,0.671394058572849,0.658319580461916
26,7,1,S1-15.jpg,0.645018947236211,0.646605218648166
26,8,1,S1-15.jpg,0.621861501884593,0.633971416203852
26,9,1,S1-15.jpg,0.602174629743043,0.620766438113404
26,10,1,S1-15.jpg,0.585279369978268,0.607252730404029
26,11,1,S1-15.jpg,0.624489272798555,0.593732226945242
26,12,1,S1-15.jpg,0.607142106870849,0.580599187907237
26,13,1,S1-15.jpg,0.591886383906523,0.611149412779031
26,14,1,S1-15.jpg,0.578696300525485,0.599261565329237
26,15,1,S1-15.jpg,0.608569222926501,0.587732084435388
26,16,1,S1-15.jpg,0.644118666796298,0.576670245568211
26,17,1,S1-15.jpg,0.628329365684462,0.566174604042601
26,18,1,S1-15.jpg,0.614455348351581,0.556292286549621
26,19,1,S1-15.jpg,0.602324587915208,0.579485701800117
26,20,1,S1-15.jpg,0.591492363854453,0.569914834298488
26,21,1,S1-15.jpg,0.581794483696531,0.560956850542791
26,22,1,S1-15.jpg,0.573059810394675,0.581495522044187
26,23,1,S1-15.jpg,0.592399013719996,0.602814998454893
26,24,1,S1-15.jpg,0.583477834351574,0.593842176366845
26,25,1,S1-15.jpg,0.603210180913586,NaN
26,26,1,S1-15.jpg,0.594099704908912,NaN
26,1,2,S2-19.jpg,0.734258305431454,0.534258305431454
26,2,2,S2-19.jpg,0.814759658408963,0.614759658408964
26,3,2,S2-19.jpg,0.793449978105948,0.659414494947073
26,4,2,S2-19.jpg,0.770795807374042,0.647122388406046
26,5,2,S2-19.jpg,0.747792345961858,0.676849124385137
26,6,2,S2-19.jpg,0.725346489275785,0.695562012528269
26,7,2,S2-19.jpg,0.778823680145834,0.707802327011574
26,8,2,S2-19.jpg,0.760150054899904,0.715877691629438
26,9,2,S2-19.jpg,0.74232874950268,0.713262590123408
26,10,2,S2-19.jpg,0.725649569502173,0.710447520613934
26,11,2,S2-19.jpg,0.710025147113453,0.70719673341142
26,12,2,S2-19.jpg,0.695921484640713,0.703670688450407
26,13,2,S2-19.jpg,0.682865648131808,0.699888443600961
26,14,2,S2-19.jpg,0.67100543090347,0.695672551728938
26,15,2,S2-19.jpg,0.660050075255384,0.691151305774977
26,16,2,S2-19.jpg,0.685204165550097,0.68632026090586
26,17,2,S2-19.jpg,0.712956845729406,0.681169563471992
26,18,2,S2-19.jpg,0.741326978012439,0.675801858532422
26,19,2,S2-19.jpg,0.728936867354309,0.688876625082983
26,20,2,S2-19.jpg,0.717579587028373,0.699404796046419
26,21,2,S2-19.jpg,0.707151992656888,0.695605249161456
26,22,2,S2-19.jpg,0.697585983993558,0.691570550065961
26,23,2,S2-19.jpg,0.688788258280863,0.687343167924766
26,24,2,S2-19.jpg,0.680708839099511,0.682906970510906
26,25,2,S2-19.jpg,NaN,0.678325265069947
26,26,2,S2-19.jpg,NaN,0.673615620936358
27,1,1,S2-19.jpg,0.834258305431455,0.634258305431455
27,2,1,S2-19.jpg,0.796357985683836,0.596357985683836
27,3,1,S2-19.jpg,0.759414585222726,0.559414585222726
27,4,1,S2-19.jpg,0.726342701837916,0.526342701837916
27,5,1,S2-19.jpg,0.698141720293804,0.498141720293804
27,6,1,S2-19.jpg,0.675075734346885,0.560024771652831
27,7,1,S2-19.jpg,0.656234624080384,0.532611914630567
27,8,1,S2-19.jpg,0.640961834605545,0.509120787678078
27,9,1,S2-19.jpg,0.628723168164253,0.489142821159965
27,10,1,S2-19.jpg,0.655518933645889,0.472315387451372
27,11,1,S2-19.jpg,0.641658583689278,0.458109845812762
27,12,1,S2-19.jpg,0.670830629448746,0.445944830418862
27,13,1,S2-19.jpg,0.709574193413463,0.435467648745582
27,14,1,S2-19.jpg,0.690883305230795,0.42644230331827
27,15,1,S2-19.jpg,0.675174984402619,0.446517327420789
27,16,1,S2-19.jpg,0.661579580766745,0.436764628536109
27,17,1,S2-19.jpg,0.650076981115759,0.458542789868787
27,18,1,S2-19.jpg,0.640145860314331,0.44815912085348
27,19,1,S2-19.jpg,0.631557626727311,0.471387787707161
27,20,1,S2-19.jpg,0.624067958536679,0.499062584333116
27,21,1,S2-19.jpg,0.617433051208202,0.486008745161984
27,22,1,S2-19.jpg,0.632455585735115,0.516232817416017
27,23,1,S2-19.jpg,0.625306202920889,0.552741119545573
27,24,1,S2-19.jpg,0.618751557757503,NaN
27,25,1,S2-19.jpg,0.613083003441028,NaN
27,26,1,S2-19.jpg,0.607975116384088,NaN
27,27,1,S2-19.jpg,0.603392578680085,NaN
27,1,2,S1-15.jpg,0.834258305431455,0.634258305431455
27,2,2,S1-15.jpg,0.796357985683836,0.714759658408963
27,3,2,S1-15.jpg,0.759414585222726,0.693449978105948
27,4,2,S1-15.jpg,0.726342701837916,0.670795807374042
27,5,2,S1-15.jpg,0.698141720293804,0.647792345961858
27,6,2,S1-15.jpg,0.675075734346885,0.625346489275785
27,7,2,S1-15.jpg,0.656234624080384,0.604120319581596
27,8,2,S1-15.jpg,0.640961834605545,0.584651605207933
27,9,2,S1-15.jpg,0.673181246859564,0.628486183504422
27,10,2,S1-15.jpg,0.656773590910016,0.673340992862897
27,11,2,S1-15.jpg,0.693728113426291,0.713528649376146
27,12,2,S1-15.jpg,0.676014307745169,0.698628138918826
27,13,2,S1-15.jpg,0.660851057111896,0.683871972384007
27,14,2,S1-15.jpg,0.693507567990386,0.669676338051788
27,15,2,S1-15.jpg,0.677728794041046,0.702768904349323
27,16,2,S1-15.jpg,0.664167334459066,0.689776849940376
27,17,2,S1-15.jpg,0.652642776815481,0.720050523359586
27,18,2,S1-15.jpg,0.677756939081567,0.747621810499066
27,19,2,S1-15.jpg,0.710020991508108,0.737496673204544
27,20,2,S1-15.jpg,0.695155590872788,0.727219076893805
27,21,2,S1-15.jpg,0.682114255583974,0.716989081144307
27,22,2,S1-15.jpg,0.67090780157865,0.706979866599381
27,23,2,S1-15.jpg,0.661047820376544,0.730618752844326
27,24,2,S1-15.jpg,NaN,0.72139095638169
27,25,2,S1-15.jpg,NaN,0.712383770307298
27,26,2,S1-15.jpg,NaN,0.703695431431774
27,27,2,S1-15.jpg,NaN,0.695384820449753
